{
    "num_frames": 8621,
    "return_per_episode": {
        "mean": 0.1909765625,
        "std": 0.24540400534472417,
        "min": 0.0,
        "max": 0.7451171875
    },
    "num_frames_per_episode": {
        "mean": 862.1,
        "std": 238.23536681189884,
        "min": 287,
        "max": 1023
    },
    "duration": 12,
    "fps": 683.0937725716097
}